metric,point,boot_mean,boot_se,ci_lo,ci_hi,ci,n_stimuli,n_attrs,n_boot
pearson_r,0.8573651857235852,0.8568291259572787,0.007011822687101243,0.842231648415327,0.8697603264713989,0.95,101,34,5000
R2,0.7377357482910156,0.7323916135191917,0.012186380383599218,0.7069770216941834,0.7547149628400802,0.95,101,34,5000
